{
  "features": {
    "features-stripped-test": false,
    "ember-routing-named-substates": true,
    "ember-htmlbars-component-generation": false,
    "ember-htmlbars-component-helper": true,
    "ember-htmlbars-inline-if-helper": true,
    "ember-htmlbars-attribute-syntax": true,
    "ember-htmlbars-each-in": true,
    "ember-routing-transitioning-classes": true,
    "ember-testing-checkbox-helpers": false,
    "ember-metal-stream": false,
    "ember-application-instance-initializers": true,
    "ember-application-initializer-context": true,
    "ember-router-willtransition": true,
    "ember-application-visit": false,
    "ember-views-component-block-info": true,
    "ember-routing-core-outlet": false,
    "ember-routing-route-configured-query-params": false,
    "ember-libraries-isregistered": false,
    "ember-routing-htmlbars-improved-actions": true,
    "ember-htmlbars-get-helper": true,
    "ember-htmlbars-helper": true,
    "ember-htmlbars-dashless-helpers": true
  },
  "debugStatements": [
    "Ember.warn",
    "Ember.default.warn",
    "Ember.assert",
    "Ember.default.assert",
    "Ember.deprecate",
    "Ember.default.deprecate",
    "Ember.debug",
    "Ember.default.debug",
    "Ember.Logger.info",
    "Ember.default.Logger.info",
    "Ember.runInDebug",
    "Ember.default.runInDebug",
    "_emberMetalCore.default.deprecate",
    "_emberMetalCore.default.warn",
    "_emberMetalCore.default.assert",
    "_emberMetalCore.default.debug",
    "_emberMetalCore.default.runInDebug",
    "_emberMetal.default.deprecate",
    "_emberMetal.default.warn",
    "_emberMetal.default.assert",
    "_emberMetal.default.debug",
    "_emberMetal.default.runInDebug"
  ]
}
