{
  "name": "The Ember API",
  "description": "The Ember API: a framework for building ambitious web applications",
  "url": "http://emberjs.com/",
  "options": {
    "paths": [
      "packages/ember/lib",
      "packages/ember-debug/lib",
      "packages/ember-metal/lib",
      "packages/ember-runtime/lib",
      "packages/ember-views/lib",
      "packages/ember-htmlbars/lib",
      "packages/ember-routing/lib",
      "packages/ember-routing-htmlbars/lib",
      "packages/ember-routing-views/lib",
      "packages/ember-application/lib",
      "packages/ember-testing/lib",
      "packages/ember-extension-support/lib",
      "bower_components/rsvp/lib"
    ],
    "exclude": "vendor",
    "outdir":   "docs"
  }
}
