{
  "name": "zeroclipboard",
  "repository": "zeroclipboard/zeroclipboard",
  "description": "The ZeroClipboard library provides an easy way to copy text to the clipboard using an invisible Adobe Flash movie and a JavaScript interface",
  "version": "2.3.0",
  "keywords": [
    "flash",
    "clipboard",
    "copy",
    "cut",
    "paste",
    "zclip",
    "clip",
    "clippy"
  ],
  "main": [
    "dist/ZeroClipboard.js"
  ],
  "scripts": [
    "dist/ZeroClipboard.js"
  ],
  "files": [
    "dist/ZeroClipboard.swf"
  ],
  "license": "MIT",
  "authors": [
    {
      "name": "Jon Rohan",
      "email": "yes@jonrohan.codes",
      "url": "http://jonrohan.me/"
    },
    {
      "name": "James M. Greene",
      "email": "james.m.greene@gmail.com",
      "url": "http://greene.io/"
    }
  ]
}