{
  "description": "Contact NgModule v.1",
  "basePath": "src/",
  "files": [
    "app/app.component.1b.ts",
    "app/app.module.1b.ts",
    "app/highlight.directive.ts",
    "app/title.component.html",
    "app/title.component.ts",
    "app/user.service.ts",

    "app/contact/awesome.pipe.ts",
    "app/contact/contact.component.css",
    "app/contact/contact.component.html",
    "app/contact/contact.component.3.ts",
    "app/contact/contact.service.ts",
    "app/contact/highlight.directive.ts",

    "main.1b.ts",
    "styles.css",
    "index.1b.html"
  ],
  "main": "index.1b.html",
  "tags": ["NgModule"]
}
