{
  "name": "The Ember API",
  "description": "The Ember API: a framework for building ambitious web applications",
  "url": "http://emberjs.com/",
  "options": {
    "paths": [
      "packages/ember/lib",
      "packages/ember-utils/lib",
      "packages/ember-debug/lib",
      "packages/ember-metal/lib",
      "packages/ember-runtime/lib",
      "packages/ember-views/lib",
      "packages/ember-glimmer/lib",
      "packages/ember-routing/lib",
      "packages/ember-routing-views/lib",
      "packages/ember-application/lib",
      "packages/ember-testing/lib",
      "packages/ember-extension-support/lib",
      "packages/container/lib",
      "bower_components/rsvp/lib",
      "bower_components/router.js/lib/router"
    ],
    "exclude": "vendor,bower_components/router.js/lib/router/handler-info,bower_components/router.js/lib/router/transition-intent,bower_components/router.js/lib/router/router.js,bower_components/router.js/lib/router/transition-intent.js,bower_components/router.js/lib/router/transition-state.js,bower_components/router.js/lib/router/unrecognized-url-error.js,bower_components/router.js/lib/router/utils.js",
    "outdir":   "docs",
    "preprocessor": "bin/feature-flag-yuidoc-filter"
  }
}
