{
  "description": "Contact NgModule v.2",
  "basePath": "src/",
  "files": [
    "app/app.component.2.ts",
    "app/app.module.2.ts",
    "app/highlight.directive.ts",
    "app/title.component.html",
    "app/title.component.ts",
    "app/user.service.ts",

    "app/contact/contact.component.css",
    "app/contact/contact.component.html",
    "app/contact/contact.service.ts",

    "app/contact/awesome.pipe.ts",
    "app/contact/contact.component.3.ts",
    "app/contact/contact.module.2.ts",
    "app/contact/highlight.directive.ts",

    "main.2.ts",
    "styles.css",
    "index.2.html"
  ],
  "main": "index.2.html",
  "tags": ["NgModule"]
}
