{
  "description": "NgModule v.3",
  "basePath": "src/",
  "files": [
    "app/app.component.3.ts",
    "app/app.module.3.ts",
    "app/app-routing.module.3.ts",

    "app/highlight.directive.ts",
    "app/title.component.html",
    "app/title.component.ts",
    "app/user.service.ts",

    "app/contact/contact.component.css",
    "app/contact/contact.component.html",
    "app/contact/contact.service.ts",

    "app/contact/awesome.pipe.ts",
    "app/contact/contact.component.3.ts",
    "app/contact/contact.module.3.ts",
    "app/contact/contact-routing.module.3.ts",
    "app/contact/highlight.directive.ts",

    "app/crisis/*.ts",

    "app/hero/hero-detail.component.ts",
    "app/hero/hero-list.component.ts",
    "app/hero/hero.service.ts",

    "app/hero/hero.component.3.ts",
    "app/hero/hero.module.3.ts",
    "app/hero/hero-routing.module.3.ts",
    "app/hero/highlight.directive.ts",

    "main.3.ts",
    "styles.css",
    "index.3.html"
  ],
  "main": "index.3.html",
  "tags": ["NgModule"]
}
